"response.docs.snippet","response.docs.lead_paragraph","response.docs.abstract","response.docs.document_type","response.docs.type_of_material"
"The governor of Virginia declared a state of emergency in Charlottesville Saturday as white nationalists clashed with counterprotesters over a plan to remove the statue of a Confederate general from a city park.","The governor of Virginia declared a state of emergency in Charlottesville Saturday as white nationalists clashed with counterprotesters over a plan to remove the statue of a Confederate general from a city park.","The governor of Virginia declared a state of emergency in Charlottesville Saturday as white nationalists clashed with counterprotesters over a plan to remove the statue of a Confederate general from a city park.","multimedia","Video"
"The counterprotesters were united against white supremacy, but they advocated a wide array of beliefs, tactics and goals.","The white nationalist demonstrations that led to violence in Charlottesville, Va., last weekend focused attention not just on the far-right groups that organized the rally but also on the professed anti-fascist groups and individuals who staged counterprotests. Both sides are considering what actions to take in the future.","The counterprotesters were united against white supremacy, but they advocated a wide array of beliefs, tactics and goals.","article","News"
"Virginia’s gubernatorial campaign was already set to be the highest profile race of the fall. Then came the Charlottesville violence and President Trump’s response.","FALLS CHURCH, Va. — The bloody white supremacist rally in Charlottesville, Va., has thrust race and history to the forefront of this year’s campaign for governor in Virginia, a tradition-bound state whose identity has always been rooted in a past that is as proud for some residents as it is painful for others.","Virginia’s gubernatorial campaign was already set to be the highest profile race of the fall. Then came the Charlottesville violence and President Trump’s response.","article","News"
"And why I was wrong not to confront them.","Charlottesville, Va. — “Should we go downtown?” my wife asked over breakfast on Thursday. “Remember, after the election, when we said we would stand with our neighbors when they were threatened? Are we being true to our commitments?”","And why I was wrong not to confront them.","article","Op-Ed"
"A State Police helicopter crashed while monitoring a rally of white nationalists on Saturday, killing two troopers, H. Jay Cullen and Berke M. M. Bates.","Lt. H. Jay Cullen was a veteran Virginia State Police trooper who had nearly 20 years of experience flying helicopters and airplanes for the department’s aviation unit. Trooper Berke M. M. Bates paid his way through aviation school last year in hopes of fulfilling his lifelong dream of flying for the State Police.","A State Police helicopter crashed while monitoring a rally of white nationalists on Saturday, killing two troopers, H. Jay Cullen and Berke M. M. Bates.","article","News"
"The network said Mr. Lee, who shares a name with a Confederate general, would cover another football game on Sept. 2 instead of the University of Virginia game.","ESPN has removed an announcer from its broadcast of the University of Virginia’s first football game next month because he has the same name as a Confederate general memorialized in statues that are being taken down across the country.","The network said Mr. Lee, who shares a name with a Confederate general, would cover another football game on Sept. 2 instead of the University of Virginia game.","article","News"
"A statement from the White House, under siege over President Trump’s initial comments, on Sunday condemned “white supremacists” for inciting violence that left a woman dead.","BRIDGEWATER, N.J. — White House officials, under siege over President Trump’s reluctance to condemn white supremacists for the weekend’s bloody rallies in Charlottesville, Va., tried to clarify his comments on Sunday, as critics in both parties intensified demands that he adopt a stronger, more unifying message.","A statement from the White House, under siege over President Trump’s initial comments, on Sunday condemned “white supremacists” for inciting violence that left a woman dead.","article","News"
"“The alt-right rally,” said one student, “had nothing to do with a statue. It was about intimidation.”","Charlottesville, Va. — The college town of Charlottesville, Va. became the scene of deadly chaos after a rally to protest the removal of a statue of Robert E. Lee was held there over the weekend.","“The alt-right rally,” said one student, “had nothing to do with a statue. It was about intimidation.”","article","Op-Ed"
"After a white nationalist rally led to melees and the death of a 32-year-old woman, the city tried to recover — as the police, in particular, came in for criticism.","CHARLOTTESVILLE, Va. — Brittany Caine-Conley, a minister in training at Sojourners United Church of Christ, arrived in downtown Charlottesville on Saturday morning expecting that there might be violence. She did not expect things to get out of hand so quickly.","After a white nationalist rally led to melees and the death of a 32-year-old woman, the city tried to recover — as the police, in particular, came in for criticism.","article","News"
"Marchers — many of them college students — sang hymns, gospel songs and other anthems of belonging at a gathering that was largely organized by word of mouth.","CHARLOTTESVILLE, Va. — Thousands of people gathered on the University of Virginia campus here Wednesday night in the glow of candlelight, striking a peaceful contrast to the torches wielded by white supremacists on Friday.","Marchers — many of them college students — sang hymns, gospel songs and other anthems of belonging at a gathering that was largely organized by word of mouth.","article","News"
"Protests of a plan to remove a statue of a Confederate general led to clashes that left at least one person dead and 34 others injured, officials said.","CHARLOTTESVILLE, Va. — The city of Charlottesville was engulfed by violence on Saturday as white nationalists and counterprotesters clashed in one of the bloodiest fights to date over the removal of Confederate monuments across the South.","Protests of a plan to remove a statue of a Confederate general led to clashes that left at least one person dead and 34 others injured, officials said.","article","News"
"Protesters with guns make for a volatile situation. But the police can do little more than keep enemies apart and take careful note of their mood.","After events in Charlottesville, Va., last weekend showed how much violence white nationalist rallies could provoke, police chiefs from Richmond, Va., to Boston were taking steps to avoid a repeat of a situation in which the police appeared to have little control of the crowd.","Protesters with guns make for a volatile situation. But the police can do little more than keep enemies apart and take careful note of their mood.","article","News"
"Fights broke out Friday night after several hundred torch-bearing men and women rallied on the university’s main quadrangle. It was the first in what was expected to be a weekend of such rallies.","CHARLOTTESVILLE, Va. — A month after a Ku Klux Klan rally here ended with the police using tear gas on protesters, Charlottesville is bracing for a weekend of white nationalist demonstrations and counterprotests, and suddenly this tranquil college town feels like a city under siege.","Fights broke out Friday night after several hundred torch-bearing men and women rallied on the university’s main quadrangle. It was the first in what was expected to be a weekend of such rallies.","article","News"
"The chain of events from a 2012 question about the removal of a Confederate monument to deadly violence in Virginia. Plus, President Trump’s rebuke of racism.","Listen and subscribe to our podcast from your mobile device: On iPhone or iPad | On Android via RadioPublic | Via Stitcher","The chain of events from a 2012 question about the removal of a Confederate monument to deadly violence in Virginia. Plus, President Trump’s rebuke of racism.","article","briefing"
"A statue of Robert E. Lee was at the center of divisions in the city well before violence broke out this weekend.","Since white nationalists marched Friday in Charlottesville, Va., the quiet college town has seen a nighttime brawl lit up by torches and smartphones, and worse violence that left one person dead and dozens injured.","A statue of Robert E. Lee was at the center of divisions in the city well before violence broke out this weekend.","article","News"
"Read about how the other side thinks: Writers from across the political spectrum reacted to the outpouring of racial tension over the weekend in Charlottesville, Va.","After violence erupted over the weekend in Charlottesville, Va., writers from across the political spectrum were overwhelmingly united in their condemnation of the white supremacy and racism underlying the “Unite the Right” protest.","Read about how the other side thinks: Writers from across the political spectrum reacted to the outpouring of racial tension over the weekend in Charlottesville, Va.","article","News"
"Recent statements from participants at the protests.","Recent statements from participants at the protests.","Recent statements from participants at the protests.","multimedia","Interactive Feature"
"World leaders from Israel to Iran denounced the white supremacist violence in Charlottesville and expressed concern over the president’s reaction.","A wide range of world leaders have condemned the violence in Charlottesville last weekend and sometimes sharply criticized President Trump, who said that some of the people marching with the white supremacist and neo-Nazi protesters were “very fine people.”","World leaders from Israel to Iran denounced the white supremacist violence in Charlottesville and expressed concern over the president’s reaction.","article","News"
"Several world leaders spoke out against the deadly episode, while others tried to exploit it to advance their own agendas.","BERLIN — Chancellor Angela Merkel of Germany denounced the deadly violence that erupted around a demonstration by white supremacist groups in Charlottesville, Va., over the weekend as “racist,” “horrifying” and “evil,” and called for far-right violence to be condemned worldwide.","Several world leaders spoke out against the deadly episode, while others tried to exploit it to advance their own agendas.","article","News"
"As the Virginia city becomes the latest flash point in the America’s fight over white supremacy, a deep-rooted struggle for equality has weighed heavily on a shrinking black population.","CHARLOTTESVILLE, Va. — One of the joys of growing up, for Deborah Bell-Burks, was sitting on the counter of the general store that her family owned on Main Street, helping her mother bag items and count change. A bicycle ride through the neighborhood would take her past a grocery, a barbershop and a cobbler’s shop. And most of the people she would see, well-off business owners and customers alike, were black like her, offering an early lesson in what she could become.","As the Virginia city becomes the latest flash point in the America’s fight over white supremacy, a deep-rooted struggle for equality has weighed heavily on a shrinking black population.","article","News"
"The lawsuit names 28 defendants, including the man suspected to be the driver and organizers of the white nationalist rally.","Two women injured during the right-wing extremist protest last weekend in Charlottesville, Va., filed a lawsuit on Tuesday seeking damages from the rally’s organizer and more than two dozen leaders, groups and websites affiliated with the self-proclaimed alt-right.","The lawsuit names 28 defendants, including the man suspected to be the driver and organizers of the white nationalist rally.","article","News"
"Pleas for help and a safety plan were ignored at a rally that turned deadly on Aug. 12, participants said. Both sides feel betrayed by law enforcement.","CHARLOTTESVILLE, Va. — As demonstrators clashed near a downtown park here two weeks ago, a white nationalist protester in a bulletproof vest turned, pointed a pistol toward the crowd and fired a single shot at the ground, in the direction of a black man wielding an improvised torch.","Pleas for help and a safety plan were ignored at a rally that turned deadly on Aug. 12, participants said. Both sides feel betrayed by law enforcement.","article","News"
"After Charlottesville, will extremist groups return to the margins of politics, or become normalized and enter the national conversation?","It was a deadly weekend of rage-fueled street battles. And after the violent demonstrations in Charlottesville, Va., leaders of white nationalist groups claimed success.","After Charlottesville, will extremist groups return to the margins of politics, or become normalized and enter the national conversation?","article","News"
"Readers discuss the riot and President Trump’s failure to quickly condemn the violence.","To the Editor:","Readers discuss the riot and President Trump’s failure to quickly condemn the violence.","article","Letter"
"Mr. Cantwell, who was featured in a Vice News report, faces charges related to his use of tear gas at a torch-lit march held in Charlottesville.","A white nationalist whose behavior at the violent gatherings this month in Charlottesville, Va., brought him notoriety after he appeared in a widely viewed documentary remained held without bond on Thursday, one day after the police said he had turned himself in to the authorities in Virginia.","Mr. Cantwell, who was featured in a Vice News report, faces charges related to his use of tear gas at a torch-lit march held in Charlottesville.","article","News"
"Trump’s words often provoke outrage. The latest outrage comes from what he wouldn’t say.","This article is part of the Opinion Today newsletter. You can sign up here to receive more briefings and a guide to the section daily in your inbox.","Trump’s words often provoke outrage. The latest outrage comes from what he wouldn’t say.","article","Op-Ed"
"President Trump bowed to pressure that he personally condemn white supremacists who incited violence in Virginia, but neither supporters nor critics were satisfied.","WASHINGTON — The crisis in Charlottesville, Va., presented President Trump with a choice between adopting the unifying tone of a traditional president or doubling down on the go-it-alone approach that got him elected in 2016.","President Trump bowed to pressure that he personally condemn white supremacists who incited violence in Virginia, but neither supporters nor critics were satisfied.","article","News"
"The announcement of a civil rights investigation puts the spotlight on what role the Justice Department may play in such cases under Attorney General Jeff Sessions.","WASHINGTON — The Justice Department’s announcement that it is opening a civil rights investigation into a deadly car crash into a crowd of people protesting white nationalists in Charlottesville, Va., has put a spotlight on what the department’s role may be under Attorney General Jeff Sessions.","The announcement of a civil rights investigation puts the spotlight on what role the Justice Department may play in such cases under Attorney General Jeff Sessions.","article","News"
"Attorney General Jeff Sessions earned cautious praise from critics for his early steps in denouncing white nationalism and opening a civil rights investigation.","WASHINGTON — When Attorney General Jeff Sessions denounced the violence in Charlottesville, Va., as an “evil” act of domestic terrorism on Monday, he was in some ways an unlikely figure to emerge as one of the most prominent voices in the Trump administration on the issue.","Attorney General Jeff Sessions earned cautious praise from critics for his early steps in denouncing white nationalism and opening a civil rights investigation.","article","News"
"Speaking from his golf club in New Jersey, the president did not specifically criticize the marching white supremacists or their Nazi-era slogans.","BRIDGEWATER, N.J. — President Trump is rarely reluctant to express his opinion, but he is often seized by caution when addressing the violence and vitriol of white nationalists, neo-Nazis and alt-right activists, some of whom are his supporters.","Speaking from his golf club in New Jersey, the president did not specifically criticize the marching white supremacists or their Nazi-era slogans.","article","News"
"Republican lawmakers and other leaders have distanced themselves from President Trump since his comments on the white nationalist rally in Charlottesville.","Republican lawmakers and other leaders have distanced themselves from President Trump since his comments on the white nationalist rally in Charlottesville.","Republican lawmakers and other leaders have distanced themselves from President Trump since his comments on the white nationalist rally in Charlottesville.","multimedia","Interactive Feature"
"Mr. Trump once again addressed the violence that occurred in Charlottesville, Va., over the weekend after white nationalists clashed with counterprotesters.","President Trump on Monday made a statement at the White House about the violence that occurred in Charlottesville, Va., over the weekend after white nationalists clashed with counterprotesters.","Mr. Trump once again addressed the violence that occurred in Charlottesville, Va., over the weekend after white nationalists clashed with counterprotesters.","article","Text"
"Wesley Morris and Jenna Wortham discuss the violence in Charlottesville.","Expressions of white supremacy in this country aren’t new. But what happened in Charlottesville, Va., over the weekend was the largest public melee during a presidential administration that includes men with white nationalist ties. Three people were killed, dozens of people were injured and the country was thrown into a state of anguish and shock. The show was on vacation, but we came back early to talk about Charlottesville and why the violence there isn’t surprising, what it means to remove totems of the American Confederacy and what a verbal apology from President Trump is really worth.","Wesley Morris and Jenna Wortham discuss the violence in Charlottesville.","article","News"
"What we don’t need to hear is what’s really on his mind.","Donald Trump is still president. Hard to know what to do with this, people.","What we don’t need to hear is what’s really on his mind.","article","Op-Ed"
"Two black sisters were admiring a counterdemonstration — “so many white people, more than our race,” one said — when a car drove into the crowd and smashed into their Camry.","CHARLOTTESVILLE, Va. — Tadrint R. Washington is not one to attend protests. So when she and her sister, heading home from a friend’s house in a 2005 Toyota Camry, neared the site of a white supremacy rally last Saturday, she was stunned. She saw a sea of white faces. But they were chanting, “Black lives matter.”","Two black sisters were admiring a counterdemonstration — “so many white people, more than our race,” one said — when a car drove into the crowd and smashed into their Camry.","article","News"
"Britain’s prime minister has appeared reluctant to criticize the American president and seemed to tread carefully again after the violence in Virginia.","LONDON — Prime Minister Theresa May of Britain on Wednesday criticized the reaction of President Trump to the violence in Charlottesville, Va., after initially declining to condemn the American leader’s stance.","Britain’s prime minister has appeared reluctant to criticize the American president and seemed to tread carefully again after the violence in Virginia.","article","News"
"The president said he did nothing wrong in his first remarks on Saturday following racial unrest in Virginia.","WASHINGTON — President Trump reverted Tuesday to blaming both sides for the deadly violence in Charlottesville, Va., and at one point questioned whether the movement to pull down Confederate statues would lead to the desecration of memorials to George Washington.","The president said he did nothing wrong in his first remarks on Saturday following racial unrest in Virginia.","article","News"
"The group’s defense of a planned rally in Virginia, before the violence, has parallels to its seminal role in a proposed neo-Nazi gathering in Skokie, Ill., in 1977.","The American Civil Liberties Union was under severe duress. Hate mail poured in, death threats, and the executive director was spat on.","The group’s defense of a planned rally in Virginia, before the violence, has parallels to its seminal role in a proposed neo-Nazi gathering in Skokie, Ill., in 1977.","article","News"
"On Thursday, Senator Chuck Schumer, the Democratic leader, called for the disbanding of President Trump’s “election integrity” panel, the latest response to racial violence.","WASHINGTON — Democrats, eager to capitalize on President Trump’s unpopular response to the violence in Charlottesville, Va., are pursuing a potpourri of messages and legislative actions, trying to find a comeback that could buoy them ahead of next year’s midterm elections.","On Thursday, Senator Chuck Schumer, the Democratic leader, called for the disbanding of President Trump’s “election integrity” panel, the latest response to racial violence.","article","News"
"An Arkansas professor 1,100 miles away from the white nationalist gathering in Virginia woke up to find himself wrongly exposed as a racist. Then the online abuse began.","After a day of work at the Engineering Research Center at the University of Arkansas, Kyle Quinn had a pleasant Friday night in Bentonville with his wife and a colleague. They explored an art exhibition at the Crystal Bridges Museum of American Art and dined at an upscale restaurant.","An Arkansas professor 1,100 miles away from the white nationalist gathering in Virginia woke up to find himself wrongly exposed as a racist. Then the online abuse began.","article","News"
"African-Americans contemplate race in the aftermath of the violence in Charlottesville, Va.","HOLLYWOOD, Fla. — Eric Brown had already seen the footage of the torches, the fire, the fights. The wreckage of Charlottesville days before was still fresh in his memory when he turned on his television on Tuesday to hear the words of President Trump.","African-Americans contemplate race in the aftermath of the violence in Charlottesville, Va.","article","News"
"In brandishing weapons, militias added an edge of intimidation to protests that were ostensibly called as an exercise of constitutional rights.","Even before violence erupted in Charlottesville, Va., last weekend, city residents and the police anxiously watched the arrival of self-styled militias — swaggering gangs of armed civilians in combat fatigues — standing guard over the protest by white supremacists and other racist agitators against the removal of a Confederate statue.","In brandishing weapons, militias added an edge of intimidation to protests that were ostensibly called as an exercise of constitutional rights.","article","Editorial"
"In remarks about Charlottesville, President Trump falsely equated “alt-left” violence with the killing of Heather D. Heyer.","President Trump defended his belated condemnation of white supremacists who engaged in violence in Charlottesville, Va., by arguing that he was exercising caution in casting blame. Then he returned to his original position that there was ample fault on both sides.","In remarks about Charlottesville, President Trump falsely equated “alt-left” violence with the killing of Heather D. Heyer.","article","News"
"Demonstrators poured into the nation’s streets and parks over the weekend to denounce white supremacy and Nazism, one week after clashes between far-right demonstrators and counterprotesters in Charlottesville, Va., turned deadly.","Demonstrators poured into the nation’s streets and parks over the weekend to denounce white supremacy and Nazism, one week after clashes between far-right demonstrators and counterprotesters in Charlottesville, Va., turned deadly.","Demonstrators poured into the nation’s streets and parks over the weekend to denounce white supremacy and Nazism, one week after clashes between far-right demonstrators and counterprotesters in Charlottesville, Va., turned deadly.","multimedia","Video"
"What happened in Charlottesville this weekend, and what is your reaction?","Update: Aug. 16, 2017","What happened in Charlottesville this weekend, and what is your reaction?","article","News"
"Participants may have trouble finding a place to stay — and agreeing on where to gather, since the city has asked that the demonstration be moved.","Thousands of people are expected to descend on Charlottesville, Va., on Saturday to participate in, or protest against, a white nationalist rally.","Participants may have trouble finding a place to stay — and agreeing on where to gather, since the city has asked that the demonstration be moved.","article","News"
"Some white supremacists and right-wing extremists were making arrangements to appear at future marches, and others were planning to run for office.","The white supremacists and right-wing extremists who came together over the weekend in Charlottesville, Va., are now headed home, many of them ready and energized, they said, to set their sights on bigger prizes.","Some white supremacists and right-wing extremists were making arrangements to appear at future marches, and others were planning to run for office.","article","News"
"Hearing the words “white power” is deeply painful for me as a black woman. But it’s worse for the broken people chanting them.","In the days since the white supremacists marched into Charlottesville, Va., my Twitter feed has lit up with advice from black pundits, activists and even friends:","Hearing the words “white power” is deeply painful for me as a black woman. But it’s worse for the broken people chanting them.","article","Op-Ed"
"President Trump defended his initial remarks about the violence in Charlottesville, Va., asserting that activists protesting racism were as much to blame as neo-Nazis.","Listen and subscribe to our podcast from your mobile device: On iPhone or iPad | On Android via RadioPublic | Via Stitcher","President Trump defended his initial remarks about the violence in Charlottesville, Va., asserting that activists protesting racism were as much to blame as neo-Nazis.","article","briefing"
"The authorities in Virginia have issued warrants for Mr. Cantwell’s arrest after his involvement in a white nationalist rally in Charlottesville.","By at least one measure, Christopher Cantwell, a self-described white nationalist, said he believed his decision to be interviewed in a Vice News report had “worked out magnificently.”","The authorities in Virginia have issued warrants for Mr. Cantwell’s arrest after his involvement in a white nationalist rally in Charlottesville.","article","News"
"What was supposed to be an amicable departure for the president’s chief strategist became a messy exit after public furor over the president’s response to a race-fueled melee.","WASHINGTON — John F. Kelly, the new White House chief of staff, told Stephen K. Bannon in late July that he needed to go: No need for it to get messy, Mr. Kelly told Mr. Bannon, according to several people with firsthand knowledge of the exchange. The two worked out a mutually amicable departure date for mid-August, with President Trump’s blessing.","What was supposed to be an amicable departure for the president’s chief strategist became a messy exit after public furor over the president’s response to a race-fueled melee.","article","News"
"President Trump’s reluctance to single out the far right reflects a view widely held by conservatives that the news media willingly overlooks left-wing extremism.","WASHINGTON — Theories abound about why President Trump has repeatedly insisted that “many sides” are to blame for the white supremacist-fueled violence in Virginia over the weekend.","President Trump’s reluctance to single out the far right reflects a view widely held by conservatives that the news media willingly overlooks left-wing extremism.","article","News"
"Here’s what you need to know to start your day."," (Want to get this briefing by email? Here’s the sign-up.)","Here’s what you need to know to start your day.","article","briefing"
"Our top 10 comments of the week: Readers debate the events in Charlottesville and Barcelona, Taylor Swift and long commutes.","Here are the top 10 comments of the week on our digital platforms, as selected by our readers and the journalists who moderate nearly every comment. Some comments were edited for length and clarity.","Our top 10 comments of the week: Readers debate the events in Charlottesville and Barcelona, Taylor Swift and long commutes.","article","News"
"Growing up in this community, I learned about a past that’s more present than most will admit.","My dad often gave me the advice that white nationalists are not looking to recruit people on the fringes of American culture, but rather the people who start a sentence by saying, “I’m not racist, but …”","Growing up in this community, I learned about a past that’s more present than most will admit.","article","Op-Ed"
"State and local officials are grappling, again, with the fates of Confederate monuments, reviving the outrage that followed the church massacre in 2015 in Charleston, S.C.","BALTIMORE — It happened in the dead of night.","State and local officials are grappling, again, with the fates of Confederate monuments, reviving the outrage that followed the church massacre in 2015 in Charleston, S.C.","article","News"
"Readers discuss President Trump’s late condemnation and urge the opposition to either stay away or avoid confrontation.","To the Editor:","Readers discuss President Trump’s late condemnation and urge the opposition to either stay away or avoid confrontation.","article","Letter"
"With their legal options limited by the First Amendment, colleges are expecting a rush of controversial speakers and are making plans to control violence.","After a planned speech in February by the right-wing writer Milo Yiannopoulos attracted demonstrators who started fires and shattered windows, the University of California, Berkeley realized it had a major hole in its event planning.","With their legal options limited by the First Amendment, colleges are expecting a rush of controversial speakers and are making plans to control violence.","article","News"
"Christopher Columbus, a Philadelphia mayor, even a state song are targets of activists who some Democrats say can be used to caricature the left.","It began with calls to remove Confederate generals.","Christopher Columbus, a Philadelphia mayor, even a state song are targets of activists who some Democrats say can be used to caricature the left.","article","News"
"Charlottesville, and Mr. Trump’s shameful response, has encouraged some communities to settle the fate of Confederate monuments without rancor.","For more than a year, members of the Baltimore City Council, like officials in many communities across the nation, had drifted indecisively about the fate of the city’s increasingly controversial Confederate monuments. Then, last weekend, white supremacists in Charlottesville, Va., violently resurrected the frightening ghosts of the Civil War.","Charlottesville, and Mr. Trump’s shameful response, has encouraged some communities to settle the fate of Confederate monuments without rancor.","article","Editorial"
"Thousands of demonstrators poured into the nation’s streets and parks on Saturday to denounce white supremacy and Nazism.","BOSTON — Tens of thousands of demonstrators, emboldened and unnerved by the eruption of fatal violence in Virginia last weekend, surged into the nation’s streets and parks on Saturday to denounce racism, white supremacy and Nazism.","Thousands of demonstrators poured into the nation’s streets and parks on Saturday to denounce white supremacy and Nazism.","article","News"
"Furious with President Trump’s reaction to the Charlottesville protests, four groups of rabbis denounced him in unusually pointed language","For years, the presidential conference calls were a nonpartisan holiday tradition: President Barack Obama would speak by phone with hundreds of rabbis in advance of Rosh Hashana and Yom Kippur, in what participants described as a meeting of minds, largely free of raw politics.","Furious with President Trump’s reaction to the Charlottesville protests, four groups of rabbis denounced him in unusually pointed language","article","News"
"During a shouting-match of a news conference, an angry president asserted that “alt-left” activists in Charlottesville were as much to blame as neo-Nazis.","WASHINGTON — President Trump buoyed the white nationalist movement on Tuesday as no president has done in generations — equating activists protesting racism with the neo-Nazis and white supremacists who rampaged in Charlottesville, Va., over the weekend.","During a shouting-match of a news conference, an angry president asserted that “alt-left” activists in Charlottesville were as much to blame as neo-Nazis.","article","News Analysis"
"Mr. Murdoch, the son of a frequent ally of President Trump’s, gave a candid statement, via email, against the white supremacist sentiment that swept through Virginia last weekend.","BRIDGEWATER, N.J. — James Murdoch, the chief executive of 21st Century Fox and the son of a frequent ally of President Trump’s, condemned the president’s performance after the violence in Charlottesville, Va., and pledged to donate $1 million to the Anti-Defamation League.","Mr. Murdoch, the son of a frequent ally of President Trump’s, gave a candid statement, via email, against the white supremacist sentiment that swept through Virginia last weekend.","article","News"
"A statue of the fifth Supreme Court chief justice, Roger B. Taney, was taken down overnight Wednesday after the City Council voted to remove monuments to people associated with racism, in the wake of the deadly demonstration in Charlottesville, Va...","A statue of the fifth Supreme Court chief justice, Roger B. Taney, was taken down overnight Wednesday after the City Council voted to remove monuments to people associated with racism, in the wake of the deadly demonstration in Charlottesville, Va.","A statue of the fifth Supreme Court chief justice, Roger B. Taney, was taken down overnight Wednesday after the City Council voted to remove monuments to people associated with racism, in the wake of the deadly demonstration in Charlottesville, Va.","multimedia","Video"
"The Boston police commissioner said that the behavior was “senseless and shameful,” especially after the turmoil in Charlottesville, Va.","A Massachusetts teenager has been charged with vandalizing a Holocaust memorial in Boston, in what the city’s police commissioner called a “senseless and shameful” act, particularly after the neo-Nazi rally in Charlottesville, Va.","The Boston police commissioner said that the behavior was “senseless and shameful,” especially after the turmoil in Charlottesville, Va.","article","News"
"Here’s what you need to know to start your day."," (Want to get this briefing by email? Here’s the sign-up.)","Here’s what you need to know to start your day.","article","briefing"
"No stranger to Facebook and YouTube, Benjamin Netanyahu has been reluctant to criticize President Trump’s recent remarks on the white supremacist rally in Charlottesville, Va., last weekend.","JERUSALEM — The front-page headline in Yedioth Ahronoth, a popular Hebrew newspaper, above a large photograph of President Trump, summed up the feelings of many Israelis in one word: “Shame.”","No stranger to Facebook and YouTube, Benjamin Netanyahu has been reluctant to criticize President Trump’s recent remarks on the white supremacist rally in Charlottesville, Va., last weekend.","article","News"
"In freewheeling remarks, President Trump abandoned a theme of national unity to focus on the news media that he said “are trying to take away our history and our heritage.”","PHOENIX — President Trump, stung by days of criticism that he sowed racial division in the United States after deadly clashes in Charlottesville, Va., accused the news media on Tuesday of misrepresenting what he insisted was his prompt, unequivocal condemnation of bigotry and hatred.","In freewheeling remarks, President Trump abandoned a theme of national unity to focus on the news media that he said “are trying to take away our history and our heritage.”","article","News"
"White supremacists see President Trump’s failure to condemn them as a sign of implicit support. Which of course it is.","Let’s discard the fiction that President Trump wasn’t placating white supremacists by responding so weakly to the neo-Nazi violence that killed Heather Heyer, a 32-year-old counterdemonstrator in Charlottesville, Va., on Saturday. The neo-Nazis heard his message loud and clear.","White supremacists see President Trump’s failure to condemn them as a sign of implicit support. Which of course it is.","article","Editorial"
"There are no “two sides.” If the president is not against Hitlerism, he is for it.","“No. 1, I am the least anti-Semitic person that you’ve ever seen in your entire life. No. 2, racism, the least racist person.” So the president said at a news conference in February. These words left me uneasy. A moment ago, as I was looking at photographs of young men in Charlottesville, Va., who were from my home state, Ohio, and thinking about the message “Heil Hitler” on the T-shirt that one wore, it dawned on me why.","There are no “two sides.” If the president is not against Hitlerism, he is for it.","article","Op-Ed"
"Gary D. Cohn, Steven Mnuchin and Jared Kushner have not commented publicly, though Mr. Cohn was described by those close to him as disgusted with the remarks.","WASHINGTON — Jewish members of President Trump’s administration remained largely silent Wednesday after Mr. Trump came to the defense of nationalist and right-wing protesters in Charlottesville, Va., who had chanted anti-Semitic slogans and demeaned the president’s Jewish son-in-law.","Gary D. Cohn, Steven Mnuchin and Jared Kushner have not commented publicly, though Mr. Cohn was described by those close to him as disgusted with the remarks.","article","News"
"Mayor Catherine Pugh said that given the political climate, it was important to move “quickly and quietly” to take down the offensive monuments.","BALTIMORE — It was “in the best interest of my city,” Mayor Catherine Pugh said Wednesday, as she explained why she ordered Confederate monuments removed under the cover of darkness, days after violence broke out during a rally against the removal of a similar monument in neighboring Virginia.","Mayor Catherine Pugh said that given the political climate, it was important to move “quickly and quietly” to take down the offensive monuments.","article","News"
"Sirens are blaring as President Trump follows the siren song of the basest of his base and crashes against the shoals.","WASHINGTON — One lazy, sultry afternoon in 1947, two years after America helped trounce the Nazis, my father arrived at our family’s modest summer house on the Severn River near the Naval Academy.","Sirens are blaring as President Trump follows the siren song of the basest of his base and crashes against the shoals.","article","Op-Ed"
"The violence in Charlottesville, Va., is prompting a new push to relocate prominent symbols of the Confederacy.","Officials in several states are calling for the removal of public monuments that have become controversial symbols of the Confederacy, driven by the national outcry over the violence in Charlottesville, Va., that erupted on Saturday during a protest organized by white nationalists.","The violence in Charlottesville, Va., is prompting a new push to relocate prominent symbols of the Confederacy.","article","News"
"Here’s what you need to know about the week’s top stories.","Here are the week’s top stories, and a look ahead.","Here’s what you need to know about the week’s top stories.","article","briefing"
"Even within the family of Robert E. Lee, there are divisions over what should be done about Confederate monuments and what their ancestor stands for now.","Few American families are as deeply embedded in the nation’s history as the Lees of Virginia. Members of the clan signed the Declaration of Independence, served the new nation as judges and generals, lawmakers and governors, and one, Zachary Taylor, even became president.","Even within the family of Robert E. Lee, there are divisions over what should be done about Confederate monuments and what their ancestor stands for now.","article","News"
"The email, forwarded to journalists, cites “no difference” between Robert E. Lee and George Washington. It claims Black Lives Matter is infiltrated by terrorists.","WASHINGTON — President Trump’s personal lawyer on Wednesday forwarded an email to conservative journalists, government officials and friends that echoed secessionist Civil War propaganda and declared that the group Black Lives Matter “has been totally infiltrated by terrorist groups.”","The email, forwarded to journalists, cites “no difference” between Robert E. Lee and George Washington. It claims Black Lives Matter is infiltrated by terrorists.","article","News"
"The couple, who met at Princeton, were married in Chicago.","Amelia Jane Thomson-DeVeaux and Samuel Andrew Taxy are to be married Aug. 13. Rabbi David Wolkenfeld is to officiate at Salvage One, an event space in Chicago.","The couple, who met at Princeton, were married in Chicago.","article","News"
"Here’s what you need to know to start your day.","Good morning. ","Here’s what you need to know to start your day.","article","briefing"
"Doug McMillon, Walmart’s chief executive, rebuked Mr. Trump over his response to the Charlottesville violence. Walmart shoppers were split over whether that was right.","Every week, 140 million Americans shop at 4,692 Walmart stores in 50 states. There is arguably no other company in the United States that so tangibly touches more Americans of every political, racial and cultural stripe.","Doug McMillon, Walmart’s chief executive, rebuked Mr. Trump over his response to the Charlottesville violence. Walmart shoppers were split over whether that was right.","article","News"
"Corrections appearing in print on Saturday, August 19, 2017.","FRONT PAGE","Corrections appearing in print on Saturday, August 19, 2017.","article","Correction"
"To participate in this, the final week of our contest, just post a comment by Aug. 25 at 7 a.m. Eastern. This week’s winners will be announced on Sept. 5.","Update, Sept. 5: Winners have been announced.","To participate in this, the final week of our contest, just post a comment by Aug. 25 at 7 a.m. Eastern. This week’s winners will be announced on Sept. 5.","article","News"
"A decision that a broadcaster who shares a name with a Confederate general should not call a Virginia game in Charlottesville has been met with criticism.","The latest episode of the culture wars to wash into sports, and the news media that cover it, was prompted (unintentionally) by a broadcaster named Robert Lee. His employer, ESPN, announced Tuesday night that the name he shares with the Confederate general made him a poor choice for calling a University of Virginia football game in Charlottesville, where a recent protest over the removal of a statue of Robert E. Lee left a woman dead and became part of the national dialogue.","A decision that a broadcaster who shares a name with a Confederate general should not call a Virginia game in Charlottesville has been met with criticism.","article","News"
"A minimalist home in Paradise Valley, a renovated early-20th-century house in New Orleans and a Georgian-style home in Charlottesville.","WHAT A newly renovated 1968 house with five bedrooms and five bathrooms","A minimalist home in Paradise Valley, a renovated early-20th-century house in New Orleans and a Georgian-style home in Charlottesville.","article","News"
"Here’s what you need to know at the end of the day.","(Want to get this briefing by email? Here’s the sign-up.)","Here’s what you need to know at the end of the day.","article","briefing"
"It was a week of turmoil, but it seemed to prove an immutable rule of the Trump presidency: People see what they want to see, even if others see something very different.","For Parson Hicks, a health care finance executive who supports President Trump, this past week has felt a little like déjà vu. Mr. Trump says something. His opponents howl and then predict, with certainty, a point of no return.","It was a week of turmoil, but it seemed to prove an immutable rule of the Trump presidency: People see what they want to see, even if others see something very different.","article","News"
"Representative Nancy Pelosi urged the removal of the statues from the Capitol, but Senator Chuck Schumer pushed to keep the focus on President Trump.","WASHINGTON — The nationwide push to dismantle Confederate memorials divided Congress’s most senior Democrats on Thursday, as Representative Nancy Pelosi, the House minority leader, pressed for the removal of Confederate statues from the Capitol while her Senate counterpart tried to keep the focus on President Trump’s equivocation over white nationalists.","Representative Nancy Pelosi urged the removal of the statues from the Capitol, but Senator Chuck Schumer pushed to keep the focus on President Trump.","article","News"
"Here’s what you need to know to start your day.","Good morning.","Here’s what you need to know to start your day.","article","briefing"
"The couple met during their first year of law school, when both volunteered at the Legal Aid Justice Center in Charlottesville, Va.","Rachel Ellen Simon and Clayton Read Pasley were married Aug. 19. Rabbi Jonathan F. Adland officiated at Old Friends Thoroughbred Retirement Farm in Georgetown, Ky.","The couple met during their first year of law school, when both volunteered at the Legal Aid Justice Center in Charlottesville, Va.","article","News"
"President Trump’s speech on Wednesday in Reno, Nev., was a day-and-night contrast to his performance on Tuesday in Phoenix, where he ignored his prepared remarks.","RENO, Nev. — President Trump reverted to his script as commander in chief here on Wednesday.","President Trump’s speech on Wednesday in Reno, Nev., was a day-and-night contrast to his performance on Tuesday in Phoenix, where he ignored his prepared remarks.","article","News"
"The president announced that he would dissolve two councils of business leaders after a decision by the members of his Strategic and Policy Forum to disband.","On Tuesday, Indra Nooyi, the chief executive of PepsiCo, joined a call with other prominent corporate chieftains who — like her — had agreed to advise President Trump.","The president announced that he would dissolve two councils of business leaders after a decision by the members of his Strategic and Policy Forum to disband.","article","News"
"As the president’s advisory councils were disbanding, a few corporate chieftains made a case in terms of business self-interest, patriotism and pragmatism.","As corporate chieftains on a White House advisory panel debated on Wednesday on whether to disband, a few spoke up in favor of sticking with President Trump.","As the president’s advisory councils were disbanding, a few corporate chieftains made a case in terms of business self-interest, patriotism and pragmatism.","article","News"
"Tensions were high before and during the speech, and escalated afterward, when the police told people to leave or face arrest.","PHOENIX — The police used tear gas to disperse crowds numbering in the thousands on Tuesday night outside the Phoenix Convention Center as tempers flared around President Trump’s divisive speech at a campaign-style rally here.","Tensions were high before and during the speech, and escalated afterward, when the police told people to leave or face arrest.","article","News"
"The design, which involves red, white and blue tiles, appears inside at least one subway station in Times Square. It’s one of many changes after Charlottesville.","To busy New Yorkers walking briskly by, the mosaic inside a Times Square subway station might look like a Confederate flag.","The design, which involves red, white and blue tiles, appears inside at least one subway station in Times Square. It’s one of many changes after Charlottesville.","article","News"
"The annual celebration of culture and pride was described as a counterpoint to the weekend’s white nationalist demonstrations in Charlottesville, Va.","Thousands of New Yorkers celebrated Dominican culture and music in Midtown Manhattan on Sunday as the 35th annual Dominican Day Parade took over Avenue of the Americas.","The annual celebration of culture and pride was described as a counterpoint to the weekend’s white nationalist demonstrations in Charlottesville, Va.","article","News"
"Eboni K. Williams, a Fox host, strongly criticized the president’s remarks. She said the network expressed no concern.","Fox News, television’s equivalent of a presidential safe space, kept up its steadfast defense of President Trump even as he faced an uproar this week over his response to the violence at a white supremacist rally in Virginia last Saturday. Anchors like Sean Hannity and Tucker Carlson praised the president and lauded his bare-knuckle criticism of the news media.","Eboni K. Williams, a Fox host, strongly criticized the president’s remarks. She said the network expressed no concern.","article","News"
"Charlottesville hasn’t been the only place for white supremacy. TV and movies have been their own form of cluelessness. Remember Lee on “The Bachelorette”?","We’re supposed to be fixated, at the moment, on the shock of a president capable of finding “fine people” among hordes of white supremacists. More than a week ago, Donald Trump spent a lot of a news conference asserting such a thing was possible. According to him, there isn’t much difference between the supremacists who were protesting the removal of a statue memorializing the Confederate general Robert E. Lee in a park in Charlottesville, Va., and the appalled folks responding with a protest of their own. And that’s despite the murder of one and the injury of dozens of others after a 20-year-old nationalist plowed his car into a crowd.","Charlottesville hasn’t been the only place for white supremacy. TV and movies have been their own form of cluelessness. Remember Lee on “The Bachelorette”?","article","Review"
"This presidency isn’t just broken. It’s vacant.","As the worst week in a cursed presidency wound down, I spotted more and more forecasts that Donald Trump would resign, including from Tony Schwartz, who wrote “The Art of the Deal” for Trump and presumably understands his tortured psyche.","This presidency isn’t just broken. It’s vacant.","article","Op-Ed"
"The relationship between President Trump and Senator Mitch McConnell has disintegrated to the point that the men are no longer on speaking terms.","The relationship between President Trump and Senator Mitch McConnell, the majority leader, has disintegrated to the point that they have not spoken to each other in weeks, and Mr. McConnell has privately expressed uncertainty that Mr. Trump will be able to salvage his administration after a series of summer crises.","The relationship between President Trump and Senator Mitch McConnell has disintegrated to the point that the men are no longer on speaking terms.","article","News"
"Here’s what you need to know about the week’s top stories.","Here are the week’s top stories, and a look ahead.","Here’s what you need to know about the week’s top stories.","article","briefing"
"Here’s what you need to know to start your day.","(Want to get this briefing by email? Here’s the sign-up.)","Here’s what you need to know to start your day.","article","briefing"
"Susan Bro, the mother of the woman killed in Charlottesville, Va., spoke at a memorial service on Wednesday and called on the audience to take action.","Susan Bro, the mother of the woman killed in Charlottesville, Va., spoke at a memorial service on Wednesday and called on the audience to take action.","Susan Bro, the mother of the woman killed in Charlottesville, Va., spoke at a memorial service on Wednesday and called on the audience to take action.","multimedia","Video"
"The more white voters care about being white, the more they like President Trump.","In the wake of the presidential election, we’ve all been asking simplistic questions about how Donald Trump won. Was it economics? Was it racism? Was it misogyny? Did it come down to identity? We know that it can’t have been just one thing, and that President Trump’s triumph was a concoction of many things. Nonetheless, several factors came together in a peculiar way, with serious electoral consequences. Millions of white voters began to see themselves more openly not as white supremacists but as white identified.","The more white voters care about being white, the more they like President Trump.","article","Op-Ed"
"Why the words we use to describe Sally Hemings matter."," It has been 20 years since the historian Annette Gordon-Reed published “Thomas Jefferson and Sally Hemings: An American Controversy,” a book that successfully challenged the prevailing perceptions of both figures. In a piece for The New York Times Book Review, submitted just before the tragic events in Charlottesville, Va., Gordon-Reed reflects on the complexities that endure in our understanding of Hemings and the language we use to characterize her.","Why the words we use to describe Sally Hemings matter.","article","News"
"In an early-morning tweet, the president appeared to suggest that Mr. Corker was in political trouble in his home state.","President Trump escalated his attacks on congressional Republicans on Friday, targeting Senator Bob Corker of Tennessee, a frequent ally who was also among the most vocal critics of the president’s remarks in response to the violence two weeks ago in Charlottesville, Va.","In an early-morning tweet, the president appeared to suggest that Mr. Corker was in political trouble in his home state.","article","News"
"Support for Andrea Stewart-Cousins, the New York Senate minority leader, comes as another racially charged remark from a charter school proponent has emerged.","Some of New York’s top black Democrats were among the dozens who rallied on the streets of Harlem on Monday to show their support for Senator Andrea Stewart-Cousins, the state Senate minority leader, and criticize a hedge fund manager who had attacked her using racially inflammatory language.","Support for Andrea Stewart-Cousins, the New York Senate minority leader, comes as another racially charged remark from a charter school proponent has emerged.","article","News"
"Ruminating on a storied German opera festival’s troubled past, only to learn at intermission that Nazi sympathizers were on the march back home.","BAYREUTH, Germany — It was my first visit to the Bayreuth Festival, and I was wrestling with conflicting emotions. There was the thrill of realizing my long-held dream of hearing Richard Wagner’s music in the opera house he built, where some of my favorite recordings were made. But there was queasiness, too, at the inescapable memories of old photos showing the theater defiled during the Nazi era, festooned with swastikas and visited regularly by Hitler.","Ruminating on a storied German opera festival’s troubled past, only to learn at intermission that Nazi sympathizers were on the march back home.","article","News"
"He doesn’t want to lead a country. He wants to rule a tribe.","It has become increasingly clear to me after the tragedy of Charlottesville that Donald Trump not only has no interest in being president of the entire country but also is specifically tailoring his so-called presidency to the white racial-grievance apparatus.","He doesn’t want to lead a country. He wants to rule a tribe.","article","Op-Ed"
"This summer has produced dramatic headlines around the globe. Here are dozens of questions to test what you remember and help you learn more.","Updated: Aug. 31, 2017","This summer has produced dramatic headlines around the globe. Here are dozens of questions to test what you remember and help you learn more.","article","News"
